"","Productivity","IFW","HMAX"
"Productivity",NA,2.92630186438103e-06,0.891696794536546
"IFW",2.92630186438103e-06,NA,0.93079188914966
"HMAX",0.891696794536546,0.93079188914966,NA
