"","Productivity","IFW","HMAX"
"Productivity",NA,0.00386716381861896,0.355385967312133
"IFW",0.00386716381861896,NA,0.209844883082632
"HMAX",0.355385967312133,0.209844883082632,NA
