"","Productivity","IFW","HMAX"
"Productivity",NA,0.908399916384671,0.164521512787605
"IFW",0.908399916384671,NA,0.715671794061203
"HMAX",0.164521512787605,0.715671794061203,NA
