"","Productivity","IFW","HMAX"
"Productivity",NA,0.0405289283667767,0.881741004878949
"IFW",0.0405289283667767,NA,0.915238214242079
"HMAX",0.881741004878949,0.915238214242079,NA
