"","Productivity","IFW","HMAX"
"Productivity",NA,0,0.00260945214660824
"IFW",0,NA,0.00260945214660824
"HMAX",0.00260945214660824,0.00260945214660824,NA
