,Productivity,IFW,HMAX
Productivity,NA,0,0.000377603
IFW,0,NA,0.000377603
HMAX,0.000377603,0.000377603,NA
